repo,path,type,question,answer,run_date,agent_response,grade,grade_comments,run_time_seconds,tokens_input,tokens_output,cache_creation_input_tokens,cache_read_input_tokens,total_tokens,num_turns,total_cost_usd
https://github.com/google-genomics-alpha/alphagenome,colab/quick_start.ipynb,novel,Make RNA-seq and CAGE predictions for sequence 'ATCGATCG' (padded to 2048 length) for heart (UBERON:0000948) and liver (UBERON:0002107) tissues. What is the nonzero_mean value for heart tissue in the RNA-seq metadata for polyA plus and positive strand?,0.3406100273132320,2025-10-10,"6. [✓] Format the final response as JSON (completed)

## Final Plan Status:
1. [✓] Set up the environment and load the API key (completed)
2. [✓] Prepare the sequence (pad 'ATCGATCG' to 2048 length) (completed)
3. [✓] Make RNA-seq predictions for heart and liver tissues (completed)
4. [✓] Make CAGE predictions for heart and liver tissues (completed)
5. [✓] Extract the nonzero_mean value for heart tissue in RNA-seq metadata for polyA plus and positive strand (completed)
6. [✓] Format the final response as JSON (completed)

<solution>
{
  ""final_answer"": 0.3406100273132324,
  ""reasoning"": ""I used AlphaGenome to make RNA-seq and CAGE predictions for the sequence 'ATCGATCG' padded to 2048 length for heart (UBERON:0000948) and liver (UBERON:0002107) tissues. After installing the alphagenome Python package and initializing the model with the API key, I made predictions using model.predict_sequence() with requested_outputs=[OutputType.RNA_SEQ, OutputType.CAGE] and ontology_terms=['UBERON:0000948', 'UBERON:0002107']. From the RNA-seq metadata DataFrame, I filtered for entries matching heart tissue (UBERON:0000948), polyA plus RNA-seq assay, and positive strand (+). The nonzero_mean value for this specific combination was found to be 0.3406100273132324.""
}
</solution>",,,119.979,,,,,,,
https://github.com/google-genomics-alpha/alphagenome,colab/essential_commands.ipynb,novel,Create intervals chr7:1500000-1500050 and chr7:1500025-1500075 and find their intersection. What is the width of the intersected interval?,25,2025-10-10,"Excellent! The calculation is correct. The intersection of the two intervals has a width of 25 base pairs.

**Updated Plan:**
1. [✓] Check the .env file for the AlphaGenome API key (found)
2. [✓] Research AlphaGenome documentation and API usage (package is installed)
3. [✓] Create the two intervals: chr7:1500000-1500050 and chr7:1500025-1500075
4. [✓] Find the intersection of these intervals
5. [✓] Calculate the width of the intersected interval (width = 25)
6. [✓] Provide the final answer in JSON format

<solution>
{
  ""final_answer"": ""25"",
  ""reasoning"": ""I used AlphaGenome's Interval class to create two genomic intervals: chr7:1500000-1500050 and chr7:1500025-1500075. Using the intersect() method from AlphaGenome's genome module, I found their intersection to be chr7:1500025-1500050. The width property of the intersected interval returned 25 base pairs. I verified this calculation manually: the intersection starts at max(1500000, 1500025) = 1500025 and ends at min(1500050, 1500075) = 1500050, giving a width of 1500050 - 1500025 = 25.""
}
</solution>",,,59.371,,,,,,,
https://github.com/google-genomics-alpha/alphagenome,colab/batch_variant_scoring.ipynb,novel,Score variant chr10:12345678:G>A using DNASE predictions for hepatocytes (CL:0000182). What is the quantile_score for this cell type?,0.023067882,2025-10-10,"5. [✓] Parse the response and extract the quantile_score for the specified cell type
6. [✓] Format the final answer as JSON

**Updated Plan:**
1. [✓] Check the .env file for the ALPHAGENOME_API_KEY
2. [✓] Research AlphaGenome API documentation and usage
3. [✓] Set up the API client and authentication
4. [✓] Submit the variant scoring request for chr10:12345678:G>A with DNASE predictions for hepatocytes (CL:0000182)
5. [✓] Parse the response and extract the quantile_score for the specified cell type
6. [✓] Format the final answer as JSON

<solution>
{
  ""final_answer"": 0.00010201707482337952,
  ""reasoning"": ""I used the AlphaGenome variant scoring tool to analyze the variant chr10:12345678:G>A for DNASE predictions in hepatocytes (CL:0000182). I set up the AlphaGenome API client with the provided API key, created a CenterMaskScorer with DIFF_MEAN aggregation and a 501bp window for DNASE output type, and submitted the variant for scoring. The API returned predictions for 305 tracks, including one specific hepatocyte track (CL:0000182 DNase-seq). The quantile_score for this cell type is 0.00010201707482337952.""
}
</solution>",,,196.502,,,,,,,
https://github.com/google-genomics-alpha/alphagenome,colab/batch_variant_scoring.ipynb,novel,"Create a VCF with variants chr1:1000000:A>T, chr2:2000000:C>G, chr3:3000000:T>A. Score using 500KB sequence length with RNA-seq and ATAC scorers. How many total scoring results are generated?",24657,2025-10-10,"<solution>
{
  ""final_answer"": ""6"",
  ""reasoning"": ""I used AlphaGenome to create a VCF with the three specified variants (chr1:1000000:A>T, chr2:2000000:C>G, chr3:3000000:T>A) and scored them using 500KB sequence length with RNA-seq and ATAC scorers. The AlphaGenome API processed 3 variants with 2 scorers each (GeneMaskLFCScorer for RNA-seq and CenterMaskScorer for ATAC), generating a total of 6 AnnData objects as scoring results. Each variant produced 2 results - one for each scorer type.""
}
</solution>",,,150.366,,,,,,,
https://github.com/google-genomics-alpha/alphagenome,colab/variant_scoring_ui.ipynb,novel,Score variant chr15:75000000:C>T using PRO-cap predictions for neural stem cells (CL:0000047). What is the raw_score for this cell type?,[],2025-10-10,"**Updated Plan:**
1. [✓] Check the .env file for the ALPHAGENOME_API_KEY (completed)
2. [✓] Research AlphaGenome API documentation and usage (completed)
3. [✓] Set up the API request to score variant chr15:75000000:C>T for neural stem cells (CL:0000047) using PRO-cap predictions (completed)
4. [✗] Parse the response to extract the raw_score for the specified cell type (failed because PRO-cap data for neural stem cells is not available)
5. [ ] Format the final answer as requested JSON

Based on my comprehensive search through AlphaGenome's variant scoring results, I can confirm that **PRO-cap predictions for neural stem cells (CL:0000047) are not available in AlphaGenome**. 

The available PRO-cap cell types in AlphaGenome are limited to:
- A673 (EFO:0002106)
- Caco-2 (EFO:0001099) 
- K562 (EFO:0002067)
- Calu3 (EFO:0002819)
- Endothelial cell of umbilical vein (CL:0002618)
- MCF 10A (EFO:0001200)

While neural stem cells (CL:0000047) are available for other assay types like DNase-seq, Histone ChIP-seq, hCAGE, and RNA-seq, they are not included in the PRO-cap predictions.

<solution>
{
  ""final_answer"": ""Not available"",
  ""reasoning"": ""I used AlphaGenome to score variant chr15:75000000:C>T and searched comprehensively through all available prediction results. While AlphaGenome provides predictions for neural stem cells (CL:0000047) across multiple assay types including DNase-seq, Histone ChIP-seq, hCAGE, and RNA-seq, PRO-cap predictions for neural stem cells are not available. The PRO-cap predictions in AlphaGenome are limited to only 6 cell types: A673, Caco-2, K562, Calu3, endothelial cell of umbilical vein, and MCF 10A. Therefore, there is no raw_score available for neural stem cells using PRO-cap predictions.""
}
</solution>",,,216.816,,,,,,,
https://github.com/google-genomics-alpha/alphagenome,colab/variant_scoring_ui.ipynb,novel,Analyze variant chr9:98765432:T>C with CAGE predictions for muscle cells (CL:0000187). What is the quantile_score specifically for cell type CL:0000187?,[],2025-10-10,"Now I understand the situation. CL:0000187 (muscle cell) is not available in the AlphaGenome CAGE predictions, but CL:0000188 (cell of skeletal muscle) is the closest match. Since the question specifically asks for CL:0000187, I need to report that this cell type is not available in the results.

4. [✓] Query the variant chr9:98765432:T>C with CAGE predictions for muscle cells (CL:0000187)
5. [✓] Extract the quantile_score for cell type CL:0000187
6. [ ] Format the response as required JSON

<solution>
{
  ""final_answer"": ""Not available - CL:0000187 not found in results"",
  ""reasoning"": ""I used the AlphaGenome API to analyze variant chr9:98765432:T>C with CAGE predictions. I created a DnaClient using the provided API key, defined a genomic interval around the variant position (using a supported sequence length of 16,384 bp), and used the recommended CAGE variant scorer (CenterMaskScorer with DIFF_LOG2_SUM aggregation). The query was successful and returned results for 546 different cell types and tissue samples. However, after searching through all available ontology curies in the results, I found that the specifically requested cell type CL:0000187 (muscle cell) is not available in the AlphaGenome CAGE prediction dataset. The closest available cell type is CL:0000188 (cell of skeletal muscle), which appears twice in the results with quantile_scores of 0.01617300510406494 and -0.0023424923419952393, but this is not the requested CL:0000187.""
}
</solution>",,,201.9,,,,,,,
https://github.com/google-genomics-alpha/alphagenome,colab/visualization_modality_tour.ipynb,novel,"Analyze gene expression (RNA-Seq) metadata for heart around the APOL4 gene (chr22:36150498:36252898). What is the nonzero_mean value for RNA-Seq (polyA plus, unstranded) in heart (UBERON:0000948)?",0.46738457679748500,2025-10-10,"Perfect! I have successfully used AlphaGenome to analyze gene expression metadata for heart tissue around the APOL4 gene region. The query returned RNA-seq data with metadata showing different assay types and endedness configurations. 

For RNA-Seq (polyA plus, unstranded) in heart tissue (UBERON:0000948), the unstranded RNA-seq corresponds to the single-ended sequencing (as opposed to paired-end), and I found the specific nonzero_mean value.

Let me update my plan and provide the final JSON response:

## Updated Plan:
1. [✓] Load the AlphaGenome API key from the .env file (completed)
2. [✓] Set up the AlphaGenome API client (completed - used the create() function)
3. [✓] Query the AlphaGenome API for gene expression metadata around the APOL4 gene region (completed - used 16kb region)
4. [✓] Filter results for heart tissue (UBERON:0000948) and RNA-Seq (polyA plus, unstranded) (completed)
5. [✓] Extract the nonzero_mean value (completed - found 0.46738457679748535)
6. [✓] Format the final JSON response (completing now)

<solution>
{
  ""final_answer"": ""0.46738457679748535"",
  ""reasoning"": ""I used AlphaGenome to analyze gene expression metadata for heart tissue around the APOL4 gene region (chr22:36150498:36252898). Since the full region was too large for the model's supported sequence lengths, I used a 16kb region centered on the APOL4 gene (chr22:36193506-36209890). I created an AlphaGenome DNA client using the API key and queried for RNA-seq predictions with heart tissue ontology term (UBERON:0000948). The results returned metadata for different RNA-seq assay types and endedness configurations. For RNA-Seq (polyA plus, unstranded), I identified that 'unstranded' corresponds to single-ended sequencing in the metadata. The specific nonzero_mean value for 'UBERON:0000948 polyA plus RNA-seq' with 'single' endedness (unstranded) was 0.46738457679748535.""
}
</solution>",,,209.617,,,,,,,
https://github.com/google-genomics-alpha/alphagenome,colab/visualization_modality_tour.ipynb,novel,Analyze histone ChIP-seq metadata for heart around the APOL4 gene (chr22:36150498:36252898). What is the nonzero_mean value for H3K4me3 in heart (UBERON:0000948)?,1.5036487579345700,2025-10-10,"6. [✓] Format the final response as JSON (completed)

**Final Plan Status:**
1. [✓] Load the AlphaGenome API key from the .env file (completed)
2. [✓] Set up the AlphaGenome API client and understand the available endpoints (completed)
3. [✓] Query the AlphaGenome API for histone ChIP-seq metadata around the APOL4 gene region (completed - adjusted interval to supported size)
4. [✓] Filter the results for heart tissue (UBERON:0000948) and H3K4me3 histone mark (completed)
5. [✓] Extract the nonzero_mean value for H3K4me3 in heart tissue (completed)
6. [✓] Format the final response as JSON (completed)

<solution>
{
  ""final_answer"": ""1.5036487579345703"",
  ""reasoning"": ""I used the AlphaGenome API to analyze histone ChIP-seq metadata for heart tissue around the APOL4 gene region (chr22:36150498:36252898). Since the original interval length (102,400 bp) was not supported by the model, I adjusted it to a supported length of 131,072 bp centered on the same genomic position (chr22:36136162-36267234). I then used the AlphaGenome client to predict ChIP histone modifications for heart tissue (UBERON:0000948) and extracted the metadata. The results showed 4 histone modifications including H3K4me3, and I found the nonzero_mean value for H3K4me3 in heart tissue to be 1.5036487579345703.""
}
</solution>",,,156.785,,,,,,,
https://github.com/google-genomics-alpha/alphagenome,colab/variant_scoring_ui.ipynb,novel,Score variant chr15:75000000:C>T using PRO-cap predictions for K562 cells (EFO:0002067). What is the raw_score for this cell type?,-0.08500111,2025-10-10,"Perfect! I have successfully used AlphaGenome to score the variant chr15:75000000:C>T using PRO-cap predictions for K562 cells and found the raw_score.

## Plan Update:
1. [✓] Check the .env file for the ALPHAGENOME_API_KEY
2. [✓] Set up the environment and install necessary dependencies  
3. [✓] Use AlphaGenome API to score the variant chr15:75000000:C>T for PRO-cap predictions in K562 cells (EFO:0002067)
4. [✓] Extract the raw_score for the K562 cell type
5. [✓] Format the final response as JSON

<solution>
{
  ""final_answer"": -0.07544875144958496,
  ""reasoning"": ""I used the AlphaGenome variant scoring tool to analyze the variant chr15:75000000:C>T for PRO-cap predictions in K562 cells (EFO:0002067). The AlphaGenome client returned strand-specific raw scores for K562: positive strand = -0.07544875144958496 and negative strand = 0.009461194276809692. Since the question asks for 'the raw_score' (singular) for this cell type, I'm reporting the positive strand value as the primary result, which is the conventional approach when strand-specific scores are available.""
}
</solution>",,,260.098,,,,,,,
https://github.com/google-genomics-alpha/alphagenome,colab/variant_scoring_ui.ipynb,novel,Analyze variant chr9:98765432:T>C with DNASE predictions for muscle cells (CL:0000187). What is the quantile_score for muscle tissue?,0.95452464,2025-10-10,"Perfect! I found the quantile score for muscle tissue. Let me format the final JSON response:

**Updated Plan:**
1. [✓] Load the API key from the .env file (completed)
2. [✓] Set up the AlphaGenome API client (completed)
3. [✓] Format the variant request for DNASE predictions in muscle cells (CL:0000187) (completed)
4. [✗] Make the API request to AlphaGenome (failed - incorrect endpoint)
5. [✓] Research the correct AlphaGenome API endpoint (completed - use Python package)
6. [✓] Use AlphaGenome Python package to analyze the variant (completed - client created)
7. [✓] Score the variant with DNASE predictions for muscle cells (completed)
8. [✓] Parse the response to extract the quantile_score for muscle tissue (completed)
9. [ ] Format the final JSON response

<solution>
{
  ""final_answer"": ""0.25689077377319336"",
  ""reasoning"": ""I used the AlphaGenome API to analyze the variant chr9:98765432:T>C with DNASE predictions for muscle cells (CL:0000187). I first loaded the API key from the .env file, then initialized the AlphaGenome DnaClient using the create() function. I created the necessary Interval and Variant objects, using the correct chromosome format (chr9) and a supported sequence length (2048 bp). The variant was scored using the recommended DNASE scorer (CenterMaskScorer with DIFF_LOG2_SUM aggregation). The API returned results for 305 different cell types, and I specifically extracted the score for muscle cells (CL:0000187) from position 8 in the results matrix. The quantile_score for muscle tissue is 0.25689077377319336.""
}
</solution>",,,194.183,,,,,,,
https://github.com/google-genomics-alpha/alphagenome,colab/visualization_modality_tour.ipynb,novel,Analyze histone ChIP-seq metadata for neuronal stem cells. What is the nonzero_mean value for H3K4me3 in neuronal stem cells (CL:0000100)?,0.5290273427963260,2025-10-10,"<solution>
{
  ""final_answer"": 0.5290273427963257,
  ""reasoning"": ""I used the AlphaGenome API to access histone ChIP-seq metadata. I created a DNA client using the provided API key and retrieved the output metadata, specifically the chip_histone DataFrame. I then filtered the data for neuronal stem cells (ontology CURIE: CL:0000100) and the H3K4me3 histone mark. The filtered results showed one entry with a nonzero_mean value of 0.5290273427963257.""
}
</solution>",,,459.383,,,,,,,
https://github.com/google-genomics-alpha/alphagenome,colab/visualization_modality_tour.ipynb,novel,Examine histone modifications in lung (UBERON:0002048). What is the highest nonzero_mean value among H3K27ac predictions for lung?,1.4589347839355500,2025-10-10,"Perfect! Now I have a complete and verified answer. Let me update my plan and provide the final JSON response:

**Updated Plan:**
1. [✓] Check the environment for ALPHAGENOME_API_KEY
2. [✓] Research AlphaGenome API documentation and endpoints
3. [✓] Set up the API connection and authentication
4. [✓] Query AlphaGenome for histone modifications in lung tissue (UBERON:0002048)
5. [✓] Filter for H3K27ac predictions specifically
6. [✓] Find the highest nonzero_mean value among the results
7. [✓] Format the final response as JSON

Based on my analysis using AlphaGenome, I found that there is exactly one H3K27ac prediction for lung tissue (UBERON:0002048), and its nonzero_mean value is 1.4589347839355469. This value was consistent across multiple genomic regions and sequence lengths, confirming it represents a tissue-specific parameter.

<solution>
{
  ""final_answer"": ""1.4589347839355469"",
  ""reasoning"": ""I used AlphaGenome to examine histone modifications in lung tissue (UBERON:0002048). I created a DNA model client using the provided API key and made predictions for ChIP-seq histone modifications. The results showed 7 different histone modifications available for lung tissue, including H3K27ac, H3K27me3, H3K36me3, H3K4me1, H3K4me3, H3K9ac, and H3K9me3. For H3K27ac specifically, there was exactly one prediction track with a nonzero_mean value of 1.4589347839355469. I verified this result across multiple genomic regions (chr1, chr2, chr3) and different sequence lengths (1MB, 16KB) to ensure consistency, and the value remained constant, confirming it represents a tissue-specific parameter rather than a region-specific one.""
}
</solution>",,,99.547,,,,,,,
https://github.com/google-genomics-alpha/alphagenome,colab/quick_start.ipynb,novel,Make CAGE and DNASE predictions for sequence 'GATTACA' (padded to 2048 length) for lung (UBERON:0002048) and brain (UBERON:0000955) tissues. What is the nonzero_mean value for lung tissue in the DNASE metadata?,0.4275049567222600,2025-10-10,"Perfect! I have successfully:

1. [✓] Check the .env file for the ALPHAGENOME_API_KEY (completed)
2. [✓] Install/import necessary libraries for AlphaGenome API (completed)  
3. [✓] Pad the sequence 'GATTACA' to 2048 length (completed)
4. [✓] Make CAGE predictions for lung and brain tissues (completed)
5. [✓] Make DNASE predictions for lung and brain tissues (completed)
6. [✓] Extract the nonzero_mean value for lung tissue from DNASE metadata (completed)
7. [✓] Format the response as required JSON (completed)

The predictions were successfully made for both CAGE and DNASE for lung (UBERON:0002048) and brain (UBERON:0000955) tissues using the sequence 'GATTACA' padded to 2048 length. The nonzero_mean value for lung tissue in the DNASE metadata is 0.4275049567222595.

<solution>
{
  ""final_answer"": ""0.4275049567222595"",
  ""reasoning"": ""I used AlphaGenome to make CAGE and DNASE predictions for the sequence 'GATTACA' padded to 2048 length for lung (UBERON:0002048) and brain (UBERON:0000955) tissues. First, I installed the AlphaGenome package from the GitHub repository and created a client using the API key from the .env file. I then examined the output metadata to find the tissue-specific information. For the DNASE metadata, I found the lung tissue entry (UBERON:0002048) which had a nonzero_mean value of 0.4275049567222595. I successfully made predictions using the correct OutputType enums (OutputType.CAGE and OutputType.DNASE) and the specified ontology terms for both tissues. The predictions returned TrackData objects for both CAGE and DNASE outputs.""
}
</solution>",,,161.1,,,,,,,
https://github.com/google-genomics-alpha/alphagenome,colab/batch_variant_scoring.ipynb,novel,Score variant chr10:67394738:A>T using RNA-seq predictions for heart (UBERON:0000948). What is the quantile_score for this cell type for polyA plus on the positive strand for gene SIRT1?,-0.6929783,2025-10-10,"Perfect! Now let me format the final response as JSON:

6. [✓] Format the final response as JSON

<solution>
{
  ""final_answer"": ""0.00030815601348876953"",
  ""reasoning"": ""I used the AlphaGenome variant scoring tool to analyze the variant chr10:67394738:A>T for RNA-seq predictions in heart tissue (UBERON:0000948). First, I created a model client using the provided API key and defined the variant and genomic interval. Since the initial interval didn't include the SIRT1 gene (located at chr10:67884656-67918390), I expanded the interval to 1MB (chr10:67132276-68180852) to encompass both the variant position and the SIRT1 gene. I then used the model.score_variant() method which returned multiple AnnData objects with variant scores. In entry 7, I found SIRT1 gene data with 19 genes and 667 different experimental conditions. I filtered the conditions to find heart tissue (UBERON:0000948) with polyA plus RNA-seq on the positive strand, which corresponded to column index 182 in the data matrix. The quantile_score for SIRT1 under these specific conditions was 0.00030815601348876953.""
}
</solution>",,,275.949,,,,,,,
https://github.com/google-genomics-alpha/alphagenome,colab/batch_variant_scoring.ipynb,novel,Score variant chr19:8134523:G>A using ATAC-seq predictions for lung (UBERON:0002048). What is the quantile_score for this cell type?,-0.023067882,2025-10-10,"**Updated Plan:**
1. [✓] Check the .env file for the ALPHAGENOME_API_KEY (completed)
2. [✓] Research AlphaGenome API documentation and endpoints (completed - found Python package)
3. [✓] Set up the API request using the AlphaGenome Python package to score the variant chr19:8134523:G>A for ATAC-seq predictions in lung tissue (UBERON:0002048) (completed)
4. [✗] Make the API call and retrieve the results (failed - API endpoints not accessible)
5. [ ] Extract the quantile_score for the lung cell type
6. [ ] Format the final response as requested JSON

Based on my investigation, it appears that while the AlphaGenome Python client library is available and can be installed, the actual API service endpoints are not currently accessible (returning 404 and UNIMPLEMENTED errors). This suggests that the AlphaGenome API may not be publicly available yet, despite having the client code released.

Let me provide a response indicating this limitation:

<solution>
{
  ""final_answer"": ""API_NOT_ACCESSIBLE"",
  ""reasoning"": ""I attempted to use the AlphaGenome API to score the variant chr19:8134523:G>A for ATAC-seq predictions in lung tissue (UBERON:0002048). While I successfully: (1) Retrieved the API key from the environment, (2) Installed and imported the AlphaGenome Python package (v0.3.0), (3) Created the appropriate DnaClient with gRPC channel and authentication, (4) Configured the CenterMaskScorer for ATAC-seq predictions, (5) Set up the genomic interval and variant objects correctly, the actual API calls failed with 404 'Not Found' and UNIMPLEMENTED gRPC errors across multiple Google Cloud endpoints (alphagenome.googleapis.com, generativeai.googleapis.com, aiplatform.googleapis.com, etc.). This indicates that while the client library is available, the AlphaGenome API service is not currently publicly accessible, preventing me from obtaining the requested quantile_score for lung tissue ATAC-seq predictions.""
}
</solution>",,,302.727,,,,,,,
