repo,path,type,question,answer,run_date,agent_response,grade,grade_comments
https://github.com/google-genomics-alpha/alphagenome,colab/quick_start.ipynb,novel,Make RNA-seq and CAGE predictions for sequence 'ATCGATCG' (padded to 2048 length) for heart (UBERON:0000948) and liver (UBERON:0002107) tissues. What is the nonzero_mean value for heart tissue in the RNA-seq metadata for polyA plus and positive strand?,0.3406100273132320,2025-10-10,,,
https://github.com/google-genomics-alpha/alphagenome,colab/essential_commands.ipynb,novel,Create intervals chr7:1500000-1500050 and chr7:1500025-1500075 and find their intersection. What is the width of the intersected interval?,25,2025-10-10,,,
https://github.com/google-genomics-alpha/alphagenome,colab/batch_variant_scoring.ipynb,novel,Score variant chr10:12345678:G>A using DNASE predictions for hepatocytes (CL:0000182). What is the quantile_score for this cell type?,0.023067882,2025-10-10,,,
https://github.com/google-genomics-alpha/alphagenome,colab/batch_variant_scoring.ipynb,novel,"Create a VCF with variants chr1:1000000:A>T, chr2:2000000:C>G, chr3:3000000:T>A. Score using 500KB sequence length with RNA-seq and ATAC scorers. How many total scoring results are generated?",24657,2025-10-10,,,
https://github.com/google-genomics-alpha/alphagenome,colab/variant_scoring_ui.ipynb,novel,Score variant chr15:75000000:C>T using PRO-cap predictions for neural stem cells (CL:0000047). What is the raw_score for this cell type?,[],2025-10-10,,,
https://github.com/google-genomics-alpha/alphagenome,colab/variant_scoring_ui.ipynb,novel,Analyze variant chr9:98765432:T>C with CAGE predictions for muscle cells (CL:0000187). What is the quantile_score specifically for cell type CL:0000187?,[],2025-10-10,,,
https://github.com/google-genomics-alpha/alphagenome,colab/visualization_modality_tour.ipynb,novel,"Analyze gene expression (RNA-Seq) metadata for heart around the APOL4 gene (chr22:36150498:36252898). What is the nonzero_mean value for RNA-Seq (polyA plus, unstranded) in heart (UBERON:0000948)?",0.46738457679748500,2025-10-10,,,
https://github.com/google-genomics-alpha/alphagenome,colab/visualization_modality_tour.ipynb,novel,Analyze histone ChIP-seq metadata for heart around the APOL4 gene (chr22:36150498:36252898). What is the nonzero_mean value for H3K4me3 in heart (UBERON:0000948)?,1.5036487579345700,2025-10-10,,,
https://github.com/google-genomics-alpha/alphagenome,colab/variant_scoring_ui.ipynb,novel,Score variant chr15:75000000:C>T using PRO-cap predictions for K562 cells (EFO:0002067). What is the raw_score for this cell type?,-0.08500111,2025-10-10,,,
https://github.com/google-genomics-alpha/alphagenome,colab/variant_scoring_ui.ipynb,novel,Analyze variant chr9:98765432:T>C with DNASE predictions for muscle cells (CL:0000187). What is the quantile_score for muscle tissue?,0.95452464,2025-10-10,,,
https://github.com/google-genomics-alpha/alphagenome,colab/visualization_modality_tour.ipynb,novel,Analyze histone ChIP-seq metadata for neuronal stem cells. What is the nonzero_mean value for H3K4me3 in neuronal stem cells (CL:0000100)?,0.5290273427963260,2025-10-10,,,
https://github.com/google-genomics-alpha/alphagenome,colab/visualization_modality_tour.ipynb,novel,Examine histone modifications in lung (UBERON:0002048). What is the highest nonzero_mean value among H3K27ac predictions for lung?,1.4589347839355500,2025-10-10,,,
https://github.com/google-genomics-alpha/alphagenome,colab/quick_start.ipynb,novel,Make CAGE and DNASE predictions for sequence 'GATTACA' (padded to 2048 length) for lung (UBERON:0002048) and brain (UBERON:0000955) tissues. What is the nonzero_mean value for lung tissue in the DNASE metadata?,0.4275049567222600,2025-10-10,,,
https://github.com/google-genomics-alpha/alphagenome,colab/batch_variant_scoring.ipynb,novel,Score variant chr10:67394738:A>T using RNA-seq predictions for heart (UBERON:0000948). What is the quantile_score for this cell type for polyA plus on the positive strand for gene SIRT1?,-0.6929783,2025-10-10,,,
https://github.com/google-genomics-alpha/alphagenome,colab/batch_variant_scoring.ipynb,novel,Score variant chr19:8134523:G>A using ATAC-seq predictions for lung (UBERON:0002048). What is the quantile_score for this cell type?,-0.023067882,2025-10-10,,,