repo,path,type,question,answer,run_date,agent_response,grade,grade_comments,run_time_seconds,tokens_input,tokens_output,cache_creation_input_tokens,cache_read_input_tokens,total_tokens,total_cost_usd
https://github.com/google-genomics-alpha/alphagenome,colab/quick_start.ipynb,tutorial,Create a variant at chr22:36201698 with reference base 'A' and alternate base 'C'. Predict its effect on RNA-seq in Colon - Transverse tissue (UBERON:0001157) using a 1MB interval. Which gene shows the most visible expression change?,APOL4,2025-10-10,"Based on the analysis of the variant chr22:36201698:A>C and its effects on RNA-seq in Colon - Transverse tissue (UBERON:0001157) using a 1MB interval, I can see the results clearly.

{
  ""final_answer"": ""APOL4"",
  ""reasoning"": ""I used the AlphaGenome variant scoring tool to analyze the variant chr22:36201698:A>C for RNA-seq predictions in Colon - Transverse tissue (UBERON:0001157) with a 1MB sequence length. The tool returned quantile scores for multiple genes in the region. APOL4 shows the most visible expression change with an absolute quantile score of -0.99998 (appearing twice with raw scores of -0.773783 and -1.157342), indicating a very strong negative effect on expression. This makes APOL4 the gene with the most significant and visible expression change from this variant.""
}",correct,,141.256,6,225,301,43772,44304,0.33291995000000000
https://github.com/google-genomics-alpha/alphagenome,colab/quick_start.ipynb,tutorial,Make CAGE and DNASE predictions for sequence 'GATTACA' (padded to 2048 length) for lung (UBERON:0002048) and brain (UBERON:0000955) tissues. What is the nonzero_mean value for brain tissue in the CAGE metadata?,28.4322452545166,2025-10-10,"{
  ""final_answer"": ""28.4322452545166"",
  ""reasoning"": ""I used the AlphaGenome predict_dna_sequence tool to make CAGE and DNASE predictions for the sequence 'GATTACA' padded to 2048 length for lung (UBERON:0002048) and brain (UBERON:0000955) tissues. The tool generated metadata files containing information about the predictions. I then read the CAGE metadata file which showed the nonzero_mean values for both tissues. For brain tissue (UBERON:0000955), the nonzero_mean value in the CAGE metadata is 28.4322452545166, which appears for both positive and negative strands.""
}",correct,,43.695,7,170,220,32237,32634,0.19902435
https://github.com/google-genomics-alpha/alphagenome,colab/quick_start.ipynb,tutorial,Make DNase-seq predictions for sequence 'GATTACA' (padded to 2048 length) for lung tissue (UBERON:0002048). What is the nonzero_mean value in the dnase metadata?,0.4275049567222600,2025-10-10,"{
  ""final_answer"": ""0.4275049567222595"",
  ""reasoning"": ""I used the AlphaGenome predict_dna_sequence tool to make DNase-seq predictions for the sequence 'GATTACA' (padded to 2048 length) for lung tissue (UBERON:0002048). The tool generated predictions and metadata files. I then read the DNASE metadata file which contained a row for 'UBERON:0002048 DNase-seq' with the nonzero_mean value of 0.4275049567222595.""
}",correct,,22.472,7,139,305,30718,31169,0.13103225
https://github.com/google-genomics-alpha/alphagenome,colab/quick_start.ipynb,tutorial,Score variant chr22:36201698:A>C using the recommended RNA_SEQ variant scorer. What is the quantile score for the RBFOX2 gene in neuronal stem cell?,0.37327558,2025-10-10,"{
  ""final_answer"": ""0.37327558"",
  ""reasoning"": ""I used the AlphaGenome mcp__alphagenome__score_genetic_variant tool to score the variant chr22:36201698:A>C using the RNA_SEQ scorer. The tool generated several output files containing variant scores across different tissues and cell types. By searching the tidy_scores.csv file for RBFOX2 entries, I found the quantile score for the RBFOX2 gene in neuronal stem cell (CL:0000047) is 0.37327558. This represents the quantile score indicating the predicted effect of the A>C variant on RBFOX2 gene expression in neuronal stem cells.""
}",correct,,56.46,7,172,447,41372,41998,0.25366545000000000
https://github.com/google-genomics-alpha/alphagenome,colab/quick_start.ipynb,tutorial,Perform in silico mutagenesis on a 256-base region within chr20:3753000-3753400 using a 2KB context window. Score variants using DNase accessibility with 501bp width and difference mean aggregation. How many total variants are scored?,768,2025-10-10,"{
  ""final_answer"": ""768"",
  ""reasoning"": ""I performed in silico mutagenesis on chr20:3753000-3753400 using the AlphaGenome MCP tool with the specified parameters: center position 3753200 (middle of the region), 2KB context window (sequence_length=2048), 256-base mutagenesis region (ism_width=256), DNase accessibility scoring (scorer_output=DNASE), and 501bp scoring width (scorer_width=501). The tool systematically generated all possible single nucleotide variants within the 256-base region, creating variants at each position by substituting the reference base with each of the three alternative bases (A, T, G, C). After excluding the header line from the output file, I confirmed that exactly 768 total variants were scored during the in silico mutagenesis analysis.""
}",correct,,57.228,6,206,139,57063,57414,0.3135383
https://github.com/google-genomics-alpha/alphagenome,colab/quick_start.ipynb,tutorial,Run ISM analysis on chr20 with a 256-base mutagenesis region for DNase predictions. Extract scores for K562 cell line and create a contribution matrix. What are the dimensions of the resulting score matrix?,"(256, 4)",2025-10-10,"Perfect! Now I have the correct dimensions. The ISM analysis was performed on chr20 with a 256-base mutagenesis region for DNase predictions in K562 cells, and the resulting score matrix has the expected dimensions.

{
  ""final_answer"": ""256 x 4"",
  ""reasoning"": ""I performed ISM (in silico mutagenesis) analysis on chr20 with a 256-base mutagenesis region for DNase predictions, targeting K562 cell line (EFO:0002067). The analysis generated a contribution matrix showing the effect of each nucleotide substitution at each position. The resulting score matrix has dimensions 256 x 4, where 256 represents the number of positions in the mutagenesis region and 4 represents the four possible nucleotides (A, C, G, T). This means there are 1,024 total elements in the matrix, representing the contribution scores for each possible nucleotide at each position.""
}",correct,,49.067,7,224,429,37474,38134,0.18853915000000000
https://github.com/google-genomics-alpha/alphagenome,colab/batch_variant_scoring.ipynb,tutorial,Score variant chr3:58394738:A>T using ATAC-seq predictions for motor neuron cells (CL:0000100). What is the quantile_score for this cell type?,0.29125375,2025-10-10,"Perfect! I found the information I need. Looking at line 3 in the results, I can see the score for motor neuron cells (CL:0000100):

- Motor neuron cell type: CL:0000100
- Raw score: 0.013069153
- Quantile score: 0.29125375

{
  ""final_answer"": ""0.29125375"",
  ""reasoning"": ""I used the AlphaGenome variant scoring tool to score the variant chr3:58394738:A>T using ATAC-seq predictions. The tool generated scores for multiple cell types and tissues. Looking at the results, I found the motor neuron cell type (CL:0000100) on line 3 of the tidy scores output file, which shows a quantile_score of 0.29125375 for this variant in motor neuron cells.""
}",correct,,27.895,7,204,19599,30976,50786,0.20674905
https://github.com/google-genomics-alpha/alphagenome,colab/batch_variant_scoring.ipynb,tutorial,Perform batch variant scoring on chr3:58394738:A>T for natural killer cells (CL:0000623) using ATAC-seq. What is the quantile_score?,-0.5033086,2025-10-10,"{
  ""final_answer"": ""-0.5033086"",
  ""reasoning"": ""I used the AlphaGenome single variant scoring tool to analyze the variant chr3:58394738:A>T for natural killer cells (CL:0000623) using ATAC-seq predictions. The tool generated comprehensive scores across multiple genomic features. From the results, I identified the ATAC-seq specific entry for natural killer cells (CL:0000623) which showed a quantile_score of -0.5033086. This score indicates the predicted effect of the A>T variant on chromatin accessibility in natural killer cells relative to the population distribution.""
}",correct,,83.123,7,150,406,42174,42737,0.2876079
https://github.com/google-genomics-alpha/alphagenome,colab/batch_variant_scoring.ipynb,tutorial,"Create a VCF with variants chr3:58394738:A>T, chr8:28520:G>C, chr16:636337:G>A, and chr16:1135446:G>T. Score using 1MB sequence length with all available scorers. How many total scoring results are generated?",120121,2025-10-10,"{
  ""final_answer"": ""120121"",
  ""reasoning"": ""I created a CSV file with the 4 specified variants (chr3:58394738:A>T, chr8:28520:G>C, chr16:636337:G>A, and chr16:1135446:G>T). Then I used the AlphaGenome batch variant scoring tool with 1MB sequence length and all available scorers enabled (RNA-seq, CAGE, PRO-cap, ATAC-seq, DNase-seq, ChIP-histone, ChIP-TF, polyadenylation, splice sites, splice site usage, and splice junctions). The scoring generated a results CSV file with 120,121 total scoring results across 20 tracks for the 4 variants.""
}",correct,,104.627,6,186,246,34701,35139,0.33492335000000000
https://github.com/google-genomics-alpha/alphagenome,colab/batch_variant_scoring.ipynb,tutorial,Score variant chr16:1135446:G>T using RNA-seq predictions for suprapubic skin tissue (UBERON:0036149). What is the highest quantile_score among the lncRNA genes?,0.96833974,2025-10-10,"Now I need to analyze the quantile scores from the lncRNA genes for UBERON:0036149 (suprapubic skin tissue). Looking at the results, I can see the quantile scores are in the last column. Let me identify the highest quantile score among lncRNA genes:

Looking through all the lncRNA results for UBERON:0036149, I can see the quantile scores and need to find the highest one:

- ENSG00000260022: 0.96610916 (gtex track)
- ENSG00000260394 (STUB1-DT): 0.96833974 (gtex track)
- ENSG00000273551: 0.961175 (gtex track)
- And many others with lower scores...

Comparing all the quantile scores, the highest quantile score among lncRNA genes is **0.96833974** for the gene **STUB1-DT** (ENSG00000260394).

{
  ""final_answer"": ""0.96833974"",
  ""reasoning"": ""I used the AlphaGenome variant scoring tool to score the variant chr16:1135446:G>T using RNA-seq predictions. The tool generated comprehensive results including quantile scores for multiple genes in suprapubic skin tissue (UBERON:0036149). After filtering the results for lncRNA genes only, I examined all quantile scores and found that STUB1-DT (ENSG00000260394) had the highest quantile score of 0.96833974 in the gtex Skin_Not_Sun_Exposed_Suprapubic polyA plus RNA-seq track for suprapubic skin tissue.""
}",correct,,79.291,5,395,310,58617,59327,0.3974578500000000
https://github.com/google-genomics-alpha/alphagenome,colab/batch_variant_scoring.ipynb,tutorial,Perform batch variant scoring on chr16:1135446:G>T for suprapubic skin tissue using RNA-seq gene mask scorer. What is the quantile_score for gene ENSG00000292431?,-0.0691056,2025-10-10,"Perfect! I found the results for gene ENSG00000292431 in suprapubic skin tissue. There are two entries:

1. `UBERON:0036149 total RNA-seq` with quantile_score: `-0.0691056`
2. `UBERON:0036149 gtex Skin_Not_Sun_Exposed_Suprapubic polyA plus RNA-seq` with quantile_score: `0.023067882`

Since the question asks for the RNA-seq gene mask scorer specifically, and both are RNA-seq related, I should provide the most relevant one. The ""total RNA-seq"" entry appears to be the primary entry for the tissue type.

{
  ""final_answer"": ""-0.0691056"",
  ""reasoning"": ""I used the AlphaGenome score_genetic_variant tool to perform batch variant scoring on chr16:1135446:G>T using RNA-seq gene mask scorer. The tool generated tidy scores showing predictions across multiple tissues and cell types. I then searched the results for gene ENSG00000292431 in suprapubic skin tissue (UBERON:0036149). I found two RNA-seq entries for this gene-tissue combination: one for 'total RNA-seq' with quantile_score -0.0691056 and one for 'gtex Skin_Not_Sun_Exposed_Suprapubic polyA plus RNA-seq' with quantile_score 0.023067882. The total RNA-seq entry appears to be the primary score for the tissue type, so I'm reporting the quantile_score value of -0.0691056.""
}",correct,,51.872,6,380,451,50557,51394,0.2662182
https://github.com/google-genomics-alpha/alphagenome,colab/variant_scoring_ui.ipynb,tutorial,Score variant chr22:36201698:A>C using the interactive UI with all available scorers. How many total scoring results are generated across all modalities and cell types?,38357,2025-10-10,"{
  ""final_answer"": ""38357"",
  ""reasoning"": ""I used the AlphaGenome single variant scoring tool to score variant chr22:36201698:A>C with all available scorers across different modalities and cell types. The tool generated a comprehensive results file with 38,358 total lines, which includes 1 header line and 38,357 data rows containing scoring results. Each row represents a unique combination of variant, modality (like ATAC-seq, RNA-seq, etc.), and cell type/tissue context, providing quantile scores and raw scores for the variant's predicted effects.""
}",correct,,54.783,7,142,220,33360,33729,0.22615360000000000
https://github.com/google-genomics-alpha/alphagenome,colab/variant_scoring_ui.ipynb,tutorial,Score variant chr22:36201698:A>C for T-cells using ATAC-seq predictions (CL:0000084). What is the quantile_score for this cell type?,-0.96610916,2025-10-10,"Perfect! I found the data I need. Looking at line 2 in the results, I can see the quantile score for T-cells (CL:0000084) with ATAC-seq predictions for the variant chr22:36201698:A>C.

{
  ""final_answer"": ""-0.96610916"",
  ""reasoning"": ""I used the AlphaGenome genetic variant scoring tool to analyze the variant chr22:36201698:A>C using ATAC-seq predictions. The tool returned scores for multiple cell types and tissues. Looking at the results, I found the entry for T-cells (ontology ID CL:0000084) on line 2 of the output file. The quantile_score for this cell type is -0.96610916, indicating a strong negative effect of this variant on ATAC-seq signal in T-cells.""
}",correct,,32.486,7,202,19517,30951,50677,0.20596020000000000
https://github.com/google-genomics-alpha/alphagenome,colab/variant_scoring_ui.ipynb,tutorial,Analyze variant chr22:36201698:A>C with ATAC-seq for B cells (CL:0000236). What is the quantile_score for B cell chromatin accessibility?,0.79481876,2025-10-10,"Perfect! I found the result. Looking at the CSV data, I can see the quantile score for B cells (CL:0000236) with ATAC-seq. In line 4 of the results, the record shows:

- variant_id: chr22:36201698:A>C
- ontology_curie: CL:0000236 
- biosample_name: B cell
- output_type: ATAC
- quantile_score: 0.79481876

```json
{
  ""final_answer"": ""0.79481876"",
  ""reasoning"": ""I used the AlphaGenome variant scoring tool to analyze the variant chr22:36201698:A>C with ATAC-seq predictions. The tool returned scores for multiple cell types and tissues. I found the specific result for B cells (CL:0000236) in the tidy scores output file, which shows a quantile score of 0.79481876 for chromatin accessibility (ATAC-seq) in B cells.""
}
```",correct,,34.254,7,242,19515,30988,50752,0.20676885
https://github.com/google-genomics-alpha/alphagenome,colab/visualization_modality_tour.ipynb,tutorial,Examine histone modifications in transverse colon tissue (UBERON:0001157). What is the nonzero_mean value among H3K36me3 predictions?,0.8235317468643190,2025-10-10,"Perfect! I found the H3K36me3 predictions for transverse colon tissue (UBERON:0001157). Looking at line 4 of the metadata file, I can see that the nonzero_mean value for H3K36me3 predictions is 0.8235317468643188.

{
  ""final_answer"": ""0.8235317468643188"",
  ""reasoning"": ""I used the AlphaGenome predict_genome_interval tool to get histone modification predictions for transverse colon tissue (UBERON:0001157). The tool generated ChIP-seq histone modification metadata that included various histone marks. In the metadata file, I found the row for 'UBERON:0001157 Histone ChIP-seq H3K36me3' which shows the nonzero_mean value as 0.8235317468643188 for H3K36me3 predictions in transverse colon tissue.""
}",correct,,96.878,7,223,254,33268,33752,0.24354220000000000