repo,path,type,question,answer,run_date,agent_response,grade,grade_comments
https://github.com/google-genomics-alpha/alphagenome,colab/quick_start.ipynb,tutorial,Create a variant at chr22:36201698 with reference base 'A' and alternate base 'C'. Predict its effect on RNA-seq in Colon - Transverse tissue (UBERON:0001157) using a 1MB interval. Which gene shows the most visible expression change?,APOL4,2025-10-10,,,
https://github.com/google-genomics-alpha/alphagenome,colab/quick_start.ipynb,tutorial,Make CAGE and DNASE predictions for sequence 'GATTACA' (padded to 2048 length) for lung (UBERON:0002048) and brain (UBERON:0000955) tissues. What is the nonzero_mean value for brain tissue in the CAGE metadata?,28.4322452545166,2025-10-10,,,
https://github.com/google-genomics-alpha/alphagenome,colab/quick_start.ipynb,tutorial,Make DNase-seq predictions for sequence 'GATTACA' (padded to 2048 length) for lung tissue (UBERON:0002048). What is the nonzero_mean value in the dnase metadata?,0.4275049567222595,2025-10-10,,,
https://github.com/google-genomics-alpha/alphagenome,colab/quick_start.ipynb,tutorial,Score variant chr22:36201698:A>C using the recommended RNA_SEQ variant scorer. What is the quantile score for the RBFOX2 gene in neuronal stem cell?,0.37327558,2025-10-10,,,
https://github.com/google-genomics-alpha/alphagenome,colab/quick_start.ipynb,tutorial,Perform in silico mutagenesis on a 256-base region within chr20:3753000-3753400 using a 2KB context window. Score variants using DNase accessibility with 501bp width and difference mean aggregation. How many total variants are scored?,768,2025-10-10,,,
https://github.com/google-genomics-alpha/alphagenome,colab/quick_start.ipynb,tutorial,Run ISM analysis on chr20 with a 256-base mutagenesis region for DNase predictions. Extract scores for K562 cell line and create a contribution matrix. What are the dimensions of the resulting score matrix?,"(256, 4)",2025-10-10,,,
https://github.com/google-genomics-alpha/alphagenome,colab/batch_variant_scoring.ipynb,tutorial,Score variant chr3:58394738:A>T using ATAC-seq predictions for motor neuron cells (CL:0000100). What is the quantile_score for this cell type?,0.29125375,2025-10-10,,,
https://github.com/google-genomics-alpha/alphagenome,colab/batch_variant_scoring.ipynb,tutorial,Perform batch variant scoring on chr3:58394738:A>T for natural killer cells (CL:0000623) using ATAC-seq. What is the quantile_score?,-0.5033086,2025-10-10,,,
https://github.com/google-genomics-alpha/alphagenome,colab/batch_variant_scoring.ipynb,tutorial,"Create a VCF with variants chr3:58394738:A>T, chr8:28520:G>C, chr16:636337:G>A, and chr16:1135446:G>T. Score using 1MB sequence length with all available scorers. How many total scoring results are generated?",120121,2025-10-10,,,
https://github.com/google-genomics-alpha/alphagenome,colab/batch_variant_scoring.ipynb,tutorial,Score variant chr16:1135446:G>T using RNA-seq predictions for suprapubic skin tissue (UBERON:0036149). What is the highest quantile_score among the lncRNA genes?,0.96833974,2025-10-10,,,
https://github.com/google-genomics-alpha/alphagenome,colab/batch_variant_scoring.ipynb,tutorial,Perform batch variant scoring on chr16:1135446:G>T for suprapubic skin tissue using RNA-seq gene mask scorer. What is the quantile_score for gene ENSG00000292431?,-0.0691056,2025-10-10,,,
https://github.com/google-genomics-alpha/alphagenome,colab/variant_scoring_ui.ipynb,tutorial,Score variant chr22:36201698:A>C using the interactive UI with all available scorers. How many total scoring results are generated across all modalities and cell types?,38357,2025-10-10,,,
https://github.com/google-genomics-alpha/alphagenome,colab/variant_scoring_ui.ipynb,tutorial,Score variant chr22:36201698:A>C for T-cells using ATAC-seq predictions (CL:0000084). What is the quantile_score for this cell type?,-0.96610916,2025-10-10,,,
https://github.com/google-genomics-alpha/alphagenome,colab/variant_scoring_ui.ipynb,tutorial,Analyze variant chr22:36201698:A>C with ATAC-seq for B cells (CL:0000236). What is the quantile_score for B cell chromatin accessibility?,0.79481876,2025-10-10,,,
https://github.com/google-genomics-alpha/alphagenome,colab/visualization_modality_tour.ipynb,tutorial,Examine histone modifications in transverse colon tissue (UBERON:0001157). What is the nonzero_mean value among H3K36me3 predictions?,0.8235317468643188,2025-10-10,,,
